Voltage,Current,Power,Load,Label
210.98,4.88,1029.58,30.04,Normal
236.39,7.96,1881.66,23.91,Normal
211.16,4.59,969.22,42.74,Normal
269.94,13.9,3752.17,88.62,Attack
289.46,14.86,4301.38,75.16,Attack
237.23,5.2,1233.6,27.0,Normal
223.13,3.96,883.59,24.35,Normal
233.55,7.54,1760.97,52.84,Normal
247.95,5.39,1336.45,44.84,Normal
234.12,7.81,1828.48,45.98,Normal
211.79,4.64,982.71,33.02,Normal
271.64,10.61,2882.1,81.95,Attack
224.23,5.35,1199.63,29.43,Normal
306.83,13.89,4261.87,90.23,Attack
296.46,10.98,3255.13,84.49,Attack
234.96,6.28,1475.55,50.81,Normal
240.26,4.65,1117.21,21.44,Normal
220.44,4.55,1003.0,62.43,Normal
222.27,6.78,1506.99,37.8,Normal
227.9,4.82,1098.48,31.1,Normal
220.25,6.42,1414.0,60.4,Normal
218.55,8.49,1855.49,42.93,Normal
262.36,10.66,2796.76,90.69,Attack
226.46,3.82,865.08,37.17,Normal
230.64,8.36,1928.15,58.74,Normal
296.04,14.09,4171.2,88.42,Attack
292.05,10.67,3116.17,85.87,Attack
247.2,7.88,1947.94,31.85,Normal
216.97,8.06,1748.78,59.17,Normal
291.95,13.65,3985.12,78.82,Attack
231.04,7.39,1707.39,43.87,Normal
276.21,10.12,2795.25,98.23,Attack
242.43,5.04,1221.85,22.61,Normal
246.93,3.93,970.43,41.87,Normal
298.03,14.6,4351.24,78.21,Attack
231.44,4.83,1117.86,59.26,Normal
218.26,6.2,1353.21,52.85,Normal
275.59,15.97,4401.17,91.25,Attack
230.19,4.11,946.08,30.11,Normal
232.94,4.65,1083.17,29.91,Normal
291.56,11.37,3315.04,97.64,Attack
212.76,4.69,997.84,50.1,Normal
266.62,15.61,4161.94,89.28,Attack
240.6,7.54,1814.12,28.57,Normal
281.55,12.54,3530.64,86.68,Attack
236.26,8.42,1989.31,24.43,Normal
223.23,7.81,1743.43,31.19,Normal
282.43,12.53,3538.85,81.96,Attack
306.16,12.66,3875.99,96.53,Attack
211.97,8.5,1801.74,57.62,Normal
246.13,7.74,1905.05,27.48,Normal
218.34,5.51,1203.05,22.64,Normal
248.43,4.83,1199.92,55.28,Normal
226.5,8.29,1877.68,64.79,Normal
238.02,4.27,1016.35,33.35,Normal
232.59,6.21,1444.38,53.66,Normal
289.21,13.02,3765.51,96.32,Attack
308.04,10.48,3228.26,79.65,Attack
236.33,4.68,1106.02,25.39,Normal
219.6,6.47,1420.81,47.87,Normal
232.76,6.11,1422.16,62.06,Normal
295.81,11.43,3381.11,84.89,Attack
221.7,5.08,1126.24,53.83,Normal
282.91,15.99,4523.73,99.9,Attack
270.66,11.59,3136.95,98.33,Attack
244.29,5.35,1306.95,27.1,Normal
237.44,6.56,1557.61,64.43,Normal
210.31,7.59,1596.25,33.47,Normal
246.62,4.17,1028.41,25.19,Normal
287.66,11.63,3345.49,90.12,Attack
217.94,6.67,1453.66,31.88,Normal
245.31,7.73,1896.25,24.15,Normal
220.79,3.52,777.18,54.7,Normal
220.22,7.21,1587.79,44.83,Normal
210.38,3.88,816.27,59.74,Normal
231.28,7.67,1773.92,46.21,Normal
266.37,11.85,3156.48,97.47,Attack
243.57,7.99,1946.12,29.45,Normal
265.14,14.68,3892.26,97.1,Attack
234.21,4.27,1000.08,61.84,Normal
248.07,7.55,1872.93,59.66,Normal
296.83,11.99,3558.99,98.27,Attack
243.7,7.55,1839.93,32.01,Normal
214.22,7.86,1683.77,58.64,Normal
300.83,12.76,3838.59,82.63,Attack
218.88,3.62,792.35,28.69,Normal
243.71,8.33,2030.1,32.56,Normal
225.59,8.41,1897.21,44.13,Normal
214.5,8.35,1791.07,28.04,Normal
220.35,4.04,890.21,39.56,Normal
222.23,6.53,1451.16,43.01,Normal
232.49,4.77,1108.98,51.9,Normal
306.28,13.23,4052.08,92.99,Attack
236.15,5.32,1256.32,23.15,Normal
222.88,5.07,1130.0,58.16,Normal
221.71,5.05,1119.64,38.38,Normal
221.53,4.14,917.13,38.92,Normal
236.42,8.01,1893.72,47.7,Normal
231.37,3.5,809.8,32.91,Normal
232.62,6.77,1574.84,40.92,Normal
218.33,5.87,1281.6,60.55,Normal
216.62,3.92,849.15,43.2,Normal
223.07,7.59,1693.1,53.8,Normal
218.76,4.5,984.42,21.1,Normal
283.76,15.1,4284.78,76.82,Attack
234.56,4.47,1048.48,51.34,Normal
219.52,6.78,1488.35,20.25,Normal
240.03,4.03,967.32,39.13,Normal
307.9,13.11,4036.57,76.26,Attack
302.42,12.74,3852.83,95.04,Attack
248.53,6.48,1610.47,62.75,Normal
233.89,7.1,1660.62,42.72,Normal
231.37,7.99,1848.65,53.46,Normal
220.11,4.74,1043.32,48.69,Normal
230.33,6.63,1527.09,32.36,Normal
274.29,11.63,3189.99,82.99,Attack
215.4,4.66,1003.76,51.23,Normal
212.5,5.54,1177.25,44.42,Normal
218.07,5.6,1221.19,60.72,Normal
237.13,7.78,1844.87,54.45,Normal
210.23,5.26,1105.81,53.91,Normal
247.18,5.6,1384.21,53.64,Normal
233.53,4.6,1074.24,29.87,Normal
211.13,5.18,1093.65,50.56,Normal
216.44,5.84,1264.01,25.74,Normal
211.05,5.47,1154.44,45.4,Normal
292.14,10.81,3158.03,86.54,Attack
278.96,11.27,3143.88,83.17,Attack
224.79,7.26,1631.98,57.44,Normal
264.1,10.12,2672.69,88.49,Attack
223.65,6.75,1509.64,55.16,Normal
239.42,8.25,1975.21,28.97,Normal
267.62,10.76,2879.59,91.74,Attack
218.5,7.0,1529.5,54.51,Normal
290.36,14.49,4207.32,77.86,Attack
247.62,4.04,1000.38,21.16,Normal
236.42,8.29,1959.92,37.85,Normal
212.96,6.95,1480.07,48.23,Normal
298.62,15.1,4509.16,90.01,Attack
309.19,14.7,4545.09,83.68,Attack
224.45,6.03,1353.43,35.36,Normal
242.07,4.03,975.54,63.24,Normal
242.32,7.04,1705.93,39.6,Normal
247.65,4.85,1201.1,56.37,Normal
228.86,5.68,1299.92,52.9,Normal
302.59,14.98,4532.8,77.17,Attack
219.51,5.82,1277.55,47.46,Normal
211.12,7.75,1636.18,28.18,Normal
299.89,12.04,3610.68,97.01,Attack
220.77,3.55,783.73,62.66,Normal
296.0,12.93,3827.28,93.95,Attack
235.19,5.95,1399.38,55.68,Normal
271.08,14.15,3835.78,82.66,Attack
228.46,6.15,1405.03,39.15,Normal
222.9,7.01,1562.53,32.19,Normal
266.03,11.16,2968.89,77.99,Attack
239.73,4.43,1062.0,29.74,Normal
238.26,8.38,1996.62,43.61,Normal
265.03,11.16,2957.73,80.69,Attack
260.71,13.2,3441.37,81.86,Attack
231.58,6.99,1618.74,25.68,Normal
229.14,7.86,1801.04,45.83,Normal
227.18,4.42,1004.14,22.31,Normal
228.63,7.61,1739.87,38.03,Normal
291.47,10.32,3007.97,78.73,Attack
221.85,8.47,1879.07,25.33,Normal
233.65,7.45,1740.69,30.16,Normal
227.57,5.71,1299.42,58.71,Normal
221.91,6.61,1466.83,47.43,Normal
246.96,4.54,1121.2,29.5,Normal
216.13,4.37,944.49,23.38,Normal
282.53,13.56,3831.11,82.28,Attack
295.35,14.22,4199.88,86.35,Attack
246.03,7.44,1830.46,48.13,Normal
246.41,5.63,1387.29,44.51,Normal
245.43,7.63,1872.63,23.21,Normal
275.38,14.49,3990.26,89.23,Attack
266.22,14.13,3761.69,92.49,Attack
229.52,5.97,1370.23,23.62,Normal
281.6,11.93,3359.49,81.26,Attack
308.1,15.02,4627.66,89.38,Attack
248.98,6.86,1708.0,32.13,Normal
297.81,12.82,3817.92,91.29,Attack
217.08,6.43,1395.82,48.57,Normal
213.56,5.24,1119.05,35.0,Normal
243.45,5.15,1253.77,51.22,Normal
307.26,14.88,4572.03,88.75,Attack
222.27,5.12,1138.02,63.66,Normal
230.07,8.44,1941.79,49.59,Normal
226.12,4.44,1003.97,36.28,Normal
234.39,7.3,1711.05,29.16,Normal
246.18,5.69,1400.76,51.42,Normal
308.66,13.65,4213.21,80.98,Attack
287.54,13.31,3827.16,77.33,Attack
245.6,5.81,1426.94,25.29,Normal
229.44,7.08,1624.44,42.9,Normal
301.74,15.88,4791.63,81.09,Attack
224.96,8.11,1824.43,42.87,Normal
243.7,4.88,1189.26,55.55,Normal
246.44,6.04,1488.5,56.92,Normal
274.93,13.52,3717.05,99.97,Attack
215.8,6.19,1335.8,35.53,Normal
231.19,5.78,1336.28,34.48,Normal
294.87,13.43,3960.1,80.84,Attack
211.7,7.22,1528.47,51.74,Normal
225.06,6.82,1534.91,56.93,Normal
229.32,3.69,846.19,42.6,Normal
243.92,7.87,1919.65,39.81,Normal
227.82,7.11,1619.8,38.45,Normal
216.02,5.85,1263.72,63.61,Normal
237.02,6.75,1599.88,58.33,Normal
243.51,5.4,1314.95,34.25,Normal
239.62,7.86,1883.41,21.62,Normal
291.56,15.53,4527.93,99.94,Attack
226.92,3.99,905.41,48.52,Normal
227.3,6.97,1584.28,60.65,Normal
299.81,11.76,3525.77,84.37,Attack
286.56,13.4,3839.9,94.81,Attack
263.95,15.23,4019.96,90.49,Attack
305.64,10.86,3319.25,86.53,Attack
272.77,10.06,2744.07,95.12,Attack
236.43,4.29,1014.28,39.88,Normal
232.92,6.69,1558.23,39.09,Normal
302.27,11.2,3385.42,84.62,Attack
219.25,6.36,1394.43,45.87,Normal
221.51,8.39,1858.47,49.62,Normal
288.3,14.11,4067.91,93.62,Attack
290.32,12.98,3768.35,97.6,Attack
299.94,13.64,4091.18,83.81,Attack
234.21,6.89,1613.71,52.44,Normal
242.7,6.64,1611.53,60.65,Normal
222.05,5.7,1265.69,46.08,Normal
213.52,4.98,1063.33,53.64,Normal
266.61,13.24,3529.92,99.29,Attack
245.63,7.65,1879.07,31.56,Normal
228.79,7.53,1722.79,53.6,Normal
214.49,8.31,1782.41,26.33,Normal
243.55,7.12,1734.08,64.1,Normal
241.38,5.33,1286.56,55.58,Normal
286.83,12.73,3651.35,91.82,Attack
232.8,7.61,1771.61,62.31,Normal
271.69,10.15,2757.65,97.11,Attack
245.69,4.61,1132.63,22.84,Normal
245.47,5.01,1229.8,38.37,Normal
307.31,11.83,3635.48,87.32,Attack
304.36,10.81,3290.13,86.34,Attack
238.98,8.23,1966.81,38.86,Normal
216.03,5.57,1203.29,24.46,Normal
225.92,8.26,1866.1,21.47,Normal
227.29,8.25,1875.14,58.5,Normal
294.28,13.27,3905.1,99.45,Attack
225.53,4.45,1003.61,25.5,Normal
227.73,6.81,1550.84,48.88,Normal
210.83,7.43,1566.47,30.96,Normal
288.23,10.41,3000.47,94.13,Attack
270.8,15.22,4121.58,83.21,Attack
305.03,10.02,3056.4,96.46,Attack
266.5,11.5,3064.75,79.36,Attack
211.01,3.57,753.31,55.55,Normal
276.19,11.05,3051.9,76.31,Attack
230.52,7.23,1666.66,41.43,Normal
230.02,4.05,931.58,42.67,Normal
211.69,7.42,1570.74,59.01,Normal
227.86,8.32,1895.8,22.74,Normal
225.66,6.93,1563.82,42.06,Normal
212.87,3.9,830.19,47.37,Normal
273.75,13.8,3777.75,88.71,Attack
248.79,6.15,1530.06,40.42,Normal
213.87,7.01,1499.23,58.38,Normal
239.99,7.1,1703.93,29.68,Normal
218.91,5.19,1136.14,40.41,Normal
213.71,5.63,1203.19,49.93,Normal
215.95,8.11,1751.35,23.02,Normal
213.64,3.98,850.29,53.25,Normal
231.7,6.43,1489.83,45.27,Normal
214.77,5.27,1131.84,49.94,Normal
243.86,7.11,1733.84,63.58,Normal
223.71,6.39,1429.51,29.57,Normal
218.75,4.04,883.75,58.04,Normal
239.74,6.37,1527.14,56.32,Normal
248.01,7.59,1882.4,47.61,Normal
211.02,8.15,1719.81,57.33,Normal
269.02,14.22,3825.46,82.72,Attack
210.24,7.85,1650.38,45.48,Normal
215.53,6.67,1437.59,21.38,Normal
218.39,5.6,1222.98,35.34,Normal
238.14,7.38,1757.47,45.54,Normal
262.63,10.94,2873.17,90.45,Attack
220.61,6.81,1502.35,41.85,Normal
220.65,7.27,1604.13,25.12,Normal
221.05,6.89,1523.03,41.9,Normal
211.77,5.48,1160.5,46.97,Normal
275.07,11.27,3100.04,78.43,Attack
276.41,10.05,2777.92,93.68,Attack
279.01,14.22,3967.52,87.51,Attack
241.44,3.86,931.96,58.78,Normal
260.94,15.53,4052.4,96.55,Attack
232.36,7.05,1638.14,38.8,Normal
261.04,11.95,3119.43,95.03,Attack
242.45,8.1,1963.84,23.97,Normal
219.49,6.44,1413.52,43.58,Normal
222.1,5.2,1154.92,34.99,Normal
285.52,10.68,3049.35,87.75,Attack
223.63,7.14,1596.72,56.85,Normal
219.21,4.23,927.26,28.88,Normal
239.65,6.78,1624.83,27.97,Normal
229.27,7.27,1666.79,54.19,Normal
246.04,6.32,1554.97,48.59,Normal
243.71,6.64,1618.23,26.79,Normal
282.11,11.82,3334.54,81.87,Attack
285.37,11.86,3384.49,86.3,Attack
301.58,10.46,3154.53,96.61,Attack
233.99,6.04,1413.3,40.82,Normal
240.88,7.98,1922.22,40.24,Normal
235.42,5.11,1203.0,41.4,Normal
263.09,10.62,2794.02,97.48,Attack
237.86,6.02,1431.92,27.77,Normal
281.89,12.64,3563.09,88.07,Attack
278.64,11.7,3260.09,85.22,Attack
233.32,7.45,1738.23,49.13,Normal
264.73,14.07,3724.75,82.1,Attack
235.61,8.03,1891.95,59.3,Normal
232.73,4.21,979.79,35.74,Normal
237.24,5.46,1295.33,46.78,Normal
222.07,5.38,1194.74,55.62,Normal
236.13,7.64,1804.03,53.24,Normal
230.53,6.73,1551.47,39.05,Normal
224.14,4.4,986.22,29.64,Normal
228.96,4.63,1060.08,26.19,Normal
302.22,10.61,3206.55,94.27,Attack
244.46,3.69,902.06,35.15,Normal
215.11,5.38,1157.29,27.3,Normal
240.07,7.55,1812.53,27.45,Normal
226.02,6.88,1555.02,30.69,Normal
221.11,7.24,1600.84,40.2,Normal
222.07,7.54,1674.41,41.11,Normal
224.35,8.24,1848.64,64.3,Normal
220.99,5.41,1195.56,43.74,Normal
241.86,7.51,1816.37,26.23,Normal
292.06,15.24,4450.99,88.86,Attack
302.29,15.11,4567.6,82.13,Attack
220.64,8.03,1771.74,26.63,Normal
246.91,4.61,1138.26,40.3,Normal
211.04,3.77,795.62,42.59,Normal
309.73,12.25,3794.19,75.7,Attack
242.73,6.75,1638.43,55.61,Normal
274.34,14.98,4109.61,92.4,Attack
295.28,12.69,3747.1,75.13,Attack
272.8,15.01,4094.73,88.72,Attack
230.58,4.06,936.15,32.96,Normal
211.86,5.6,1186.42,55.73,Normal
214.32,8.03,1720.99,46.85,Normal
285.77,11.45,3272.07,78.59,Attack
233.98,4.7,1099.71,38.75,Normal
213.34,8.37,1785.66,23.05,Normal
229.79,8.44,1939.43,44.94,Normal
228.34,6.68,1525.31,64.15,Normal
260.81,14.73,3841.73,83.62,Attack
234.5,7.36,1725.92,53.08,Normal
211.73,6.23,1319.08,56.61,Normal
298.96,12.79,3823.7,92.38,Attack
241.65,3.82,923.1,54.93,Normal
221.44,3.72,823.76,28.98,Normal
306.67,13.09,4014.31,99.73,Attack
219.88,7.27,1598.53,28.6,Normal
240.45,7.83,1882.72,34.94,Normal
278.4,15.34,4270.66,93.58,Attack
225.08,8.37,1883.92,42.33,Normal
246.05,6.1,1500.9,56.05,Normal
213.08,6.51,1387.15,57.01,Normal
222.53,3.9,867.87,49.74,Normal
233.5,5.63,1314.61,51.04,Normal
211.65,7.85,1661.45,35.87,Normal
220.71,8.4,1853.96,62.66,Normal
291.88,12.18,3555.1,95.03,Attack
247.16,4.21,1040.54,47.34,Normal
211.36,3.84,811.62,55.03,Normal
224.93,6.34,1426.06,47.23,Normal
247.0,5.36,1323.92,54.34,Normal
230.65,5.49,1266.27,49.23,Normal
265.67,14.41,3828.3,87.48,Attack
231.91,4.81,1115.49,31.71,Normal
248.86,4.93,1226.88,61.24,Normal
214.78,7.76,1666.69,40.34,Normal
227.36,3.94,895.8,50.69,Normal
222.46,5.24,1165.69,22.92,Normal
244.76,7.76,1899.34,52.03,Normal
234.87,7.47,1754.48,42.89,Normal
270.05,10.83,2924.64,94.76,Attack
287.7,12.21,3512.82,95.09,Attack
233.87,3.93,919.11,33.92,Normal
238.04,6.13,1459.19,54.61,Normal
212.88,8.36,1779.68,48.91,Normal
236.52,5.22,1234.63,59.51,Normal
234.95,4.41,1036.13,63.48,Normal
245.52,3.78,928.07,25.59,Normal
268.23,11.94,3202.67,92.73,Attack
246.7,7.97,1966.2,58.07,Normal
291.75,13.31,3883.19,78.13,Attack
230.81,6.01,1387.17,27.59,Normal
216.01,6.79,1466.71,52.43,Normal
242.86,6.32,1534.88,57.14,Normal
262.27,13.85,3632.44,89.42,Attack
239.91,5.58,1338.7,48.75,Normal
234.46,4.95,1160.58,63.05,Normal
241.38,6.92,1670.35,33.38,Normal
263.0,12.64,3324.32,87.11,Attack
290.33,11.88,3449.12,92.96,Attack
243.57,8.38,2041.12,25.88,Normal
231.9,5.1,1182.69,40.99,Normal
272.4,10.58,2881.99,82.26,Attack
234.0,4.74,1109.16,58.94,Normal
276.37,13.47,3722.7,82.82,Attack
229.43,6.07,1392.64,42.44,Normal
210.9,8.23,1735.71,42.75,Normal
218.39,5.26,1148.73,22.27,Normal
244.41,6.77,1654.66,41.18,Normal
243.04,5.65,1373.18,59.71,Normal
239.79,5.33,1278.08,38.03,Normal
217.59,6.27,1364.29,23.31,Normal
239.81,4.9,1175.07,64.51,Normal
214.63,8.38,1798.6,37.73,Normal
223.22,8.19,1828.17,53.97,Normal
285.46,13.0,3710.98,76.13,Attack
276.65,12.84,3552.19,86.42,Attack
230.1,5.14,1182.71,47.59,Normal
309.53,14.44,4469.61,82.48,Attack
242.3,6.16,1492.57,51.89,Normal
300.79,12.21,3672.65,91.85,Attack
232.76,7.48,1741.04,52.64,Normal
211.04,5.87,1238.8,63.52,Normal
240.27,6.39,1535.33,52.46,Normal
216.65,6.65,1440.72,47.89,Normal
215.76,6.9,1488.74,21.42,Normal
214.29,3.59,769.3,34.12,Normal
294.53,12.46,3669.84,94.37,Attack
244.04,7.18,1752.21,22.8,Normal
270.37,11.95,3230.92,91.56,Attack
222.24,4.37,971.19,61.05,Normal
223.82,7.36,1647.32,52.44,Normal
237.04,6.55,1552.61,28.65,Normal
287.9,11.35,3267.66,99.32,Attack
274.45,11.24,3084.82,92.62,Attack
223.6,8.17,1826.81,55.79,Normal
266.09,14.06,3741.23,84.49,Attack
241.92,8.27,2000.68,56.21,Normal
274.38,14.28,3918.15,83.66,Attack
220.0,5.9,1298.0,29.09,Normal
246.39,6.98,1719.8,26.18,Normal
232.89,4.71,1096.91,50.14,Normal
234.88,3.76,883.15,38.6,Normal
213.92,7.35,1572.31,20.23,Normal
246.23,5.53,1361.65,62.08,Normal
228.62,4.5,1028.79,63.38,Normal
235.19,8.04,1890.93,24.03,Normal
230.87,7.12,1643.79,62.15,Normal
216.83,7.91,1715.13,27.91,Normal
248.89,5.48,1363.92,42.29,Normal
247.52,8.13,2012.34,59.45,Normal
288.4,10.64,3068.58,99.57,Attack
309.45,13.26,4103.31,87.35,Attack
243.19,5.84,1420.23,28.68,Normal
268.12,12.75,3418.53,81.43,Attack
296.83,14.74,4375.27,89.19,Attack
216.84,7.78,1687.02,60.37,Normal
230.1,3.93,904.29,50.12,Normal
267.03,11.94,3188.34,81.2,Attack
271.78,14.52,3946.25,98.85,Attack
238.19,3.56,847.96,49.42,Normal
212.42,4.09,868.8,33.81,Normal
229.6,7.98,1832.21,51.66,Normal
214.58,8.08,1733.81,33.28,Normal
218.55,4.17,911.35,26.89,Normal
233.62,5.58,1303.6,44.72,Normal
230.96,6.82,1575.15,29.83,Normal
297.74,15.24,4537.56,77.05,Attack
237.45,3.89,923.68,45.39,Normal
287.38,13.03,3744.56,89.32,Attack
276.41,13.12,3626.5,77.91,Attack
289.16,10.55,3050.64,87.76,Attack
227.68,6.07,1382.02,40.56,Normal
283.12,14.84,4201.5,93.08,Attack
241.84,7.23,1748.5,46.02,Normal
277.23,10.38,2877.65,99.85,Attack
212.69,8.17,1737.68,21.43,Normal
239.99,7.33,1759.13,64.02,Normal
226.39,8.46,1915.26,37.21,Normal
245.36,5.38,1320.04,50.72,Normal
231.03,6.77,1564.07,35.65,Normal
286.86,13.17,3777.95,93.2,Attack
260.17,10.14,2638.12,82.46,Attack
231.23,6.16,1424.38,57.05,Normal
277.31,11.65,3230.66,98.44,Attack
214.4,7.55,1618.72,38.87,Normal
244.47,3.58,875.2,29.27,Normal
261.68,13.59,3556.23,92.58,Attack
297.03,12.41,3686.14,80.86,Attack
303.19,10.34,3134.98,87.6,Attack
300.79,14.39,4328.37,82.97,Attack
236.23,5.1,1204.77,33.58,Normal
293.01,11.33,3319.8,82.51,Attack
307.43,15.28,4697.53,97.79,Attack
226.66,5.98,1355.43,63.75,Normal
236.18,7.43,1754.82,34.34,Normal
215.82,5.38,1161.11,53.95,Normal
243.12,5.0,1215.6,51.84,Normal
245.67,6.31,1550.18,63.55,Normal
215.23,4.71,1013.73,29.15,Normal
245.97,7.74,1903.81,24.16,Normal
217.43,4.84,1052.36,50.32,Normal
244.07,4.44,1083.67,54.28,Normal
231.8,5.9,1367.62,59.13,Normal
247.32,3.58,885.41,62.17,Normal
214.58,8.5,1823.93,41.55,Normal
290.22,11.23,3259.17,97.88,Attack
240.25,5.4,1297.35,44.01,Normal
220.2,6.06,1334.41,42.38,Normal
309.07,12.82,3962.28,95.99,Attack
224.46,5.57,1250.24,45.31,Normal
267.3,11.56,3089.99,98.37,Attack
226.29,4.26,964.0,34.84,Normal
242.5,6.0,1455.0,49.46,Normal
220.04,7.61,1674.5,63.49,Normal
229.13,4.34,994.42,55.77,Normal
296.02,12.93,3827.54,97.92,Attack
235.03,3.79,890.76,21.52,Normal
246.86,6.84,1688.52,54.4,Normal
242.86,4.66,1131.73,51.82,Normal
285.29,12.24,3491.95,90.45,Attack
234.04,5.92,1385.52,41.95,Normal
287.58,10.07,2895.93,88.24,Attack
308.87,10.1,3119.59,95.33,Attack
241.44,8.05,1943.59,24.82,Normal
267.44,11.15,2981.96,88.16,Attack
220.43,5.48,1207.96,36.79,Normal
232.04,8.45,1960.74,30.16,Normal
243.07,6.77,1645.58,58.62,Normal
213.65,5.4,1153.71,44.87,Normal
260.47,11.03,2872.98,87.5,Attack
240.59,6.33,1522.93,58.61,Normal
286.41,10.26,2938.57,80.29,Attack
244.61,5.88,1438.31,22.1,Normal
306.28,15.4,4716.71,89.09,Attack
306.44,11.89,3643.57,99.04,Attack
239.34,7.06,1689.74,37.92,Normal
268.12,11.44,3067.29,95.87,Attack
244.96,5.16,1263.99,54.0,Normal
309.42,14.34,4437.08,87.52,Attack
212.09,5.69,1206.79,57.74,Normal
239.99,8.27,1984.72,37.85,Normal
211.16,4.87,1028.35,64.67,Normal
223.88,8.21,1838.05,39.43,Normal
235.77,3.93,926.58,47.84,Normal
237.81,3.91,929.84,26.94,Normal
234.72,7.2,1689.98,34.25,Normal
260.26,11.85,3084.08,84.0,Attack
266.63,11.12,2964.93,86.22,Attack
225.91,3.63,820.05,35.93,Normal
289.9,11.95,3464.3,84.63,Attack
279.39,10.51,2936.39,97.53,Attack
248.15,6.36,1578.23,27.63,Normal
215.41,5.01,1079.2,42.19,Normal
281.73,12.53,3530.08,87.11,Attack
272.58,11.48,3129.22,90.63,Attack
217.63,4.03,877.05,33.71,Normal
222.96,6.6,1471.54,56.18,Normal
223.05,7.58,1690.72,58.68,Normal
215.31,5.1,1098.08,62.63,Normal
275.71,15.79,4353.46,99.22,Attack
294.75,12.95,3817.01,89.4,Attack
278.8,14.9,4154.12,84.82,Attack
288.19,13.55,3904.97,88.64,Attack
231.45,8.27,1914.09,40.77,Normal
227.1,4.96,1126.42,51.18,Normal
241.03,5.55,1337.72,42.47,Normal
219.44,6.79,1490.0,52.19,Normal
212.88,8.45,1798.84,41.57,Normal
229.76,8.1,1861.06,51.13,Normal
240.84,5.3,1276.45,60.3,Normal
234.89,3.92,920.77,54.6,Normal
223.85,6.73,1506.51,21.99,Normal
236.42,5.5,1300.31,53.87,Normal
226.79,3.55,805.1,31.64,Normal
230.23,6.4,1473.47,45.89,Normal
225.25,7.36,1657.84,46.49,Normal
223.45,3.62,808.89,24.7,Normal
247.51,4.08,1009.84,62.33,Normal
275.59,12.73,3508.26,80.17,Attack
228.57,5.69,1300.56,51.35,Normal
221.71,7.55,1673.91,25.18,Normal
235.27,6.89,1621.01,27.4,Normal
219.51,4.37,959.26,27.21,Normal
247.38,4.66,1152.79,38.23,Normal
292.02,12.59,3676.53,75.73,Attack
217.7,6.46,1406.34,37.5,Normal
218.03,7.26,1582.9,56.39,Normal
265.09,15.23,4037.32,79.67,Attack
227.84,4.81,1095.91,58.82,Normal
234.93,6.48,1522.35,47.51,Normal
223.57,7.73,1728.2,47.78,Normal
237.53,4.99,1185.27,47.65,Normal
266.7,10.71,2856.36,82.63,Attack
294.67,13.06,3848.39,85.46,Attack
279.19,11.11,3101.8,90.89,Attack
235.17,8.5,1998.94,44.97,Normal
215.47,5.07,1092.43,40.3,Normal
277.95,10.06,2796.18,78.41,Attack
247.59,6.03,1492.97,42.27,Normal
226.21,7.7,1741.82,41.99,Normal
261.54,14.57,3810.64,82.3,Attack
286.88,11.01,3158.55,86.43,Attack
239.87,6.25,1499.19,25.09,Normal
298.76,14.94,4463.47,84.17,Attack
211.62,7.09,1500.39,44.59,Normal
213.99,7.65,1637.02,53.81,Normal
309.97,12.7,3936.62,83.71,Attack
227.12,8.47,1923.71,54.9,Normal
300.54,13.53,4066.31,83.77,Attack
234.68,4.33,1016.16,26.27,Normal
270.35,10.36,2800.83,83.77,Attack
286.94,11.94,3426.06,92.6,Attack
273.37,15.15,4141.56,99.64,Attack
213.71,8.31,1775.93,55.36,Normal
248.71,7.84,1949.89,25.71,Normal
219.74,7.06,1551.36,57.28,Normal
236.37,5.95,1406.4,45.98,Normal
280.71,12.71,3567.82,90.84,Attack
213.63,6.08,1298.87,32.52,Normal
224.39,8.25,1851.22,34.73,Normal
298.71,14.4,4301.42,93.27,Attack
235.9,5.29,1247.91,22.85,Normal
218.5,5.65,1234.53,29.53,Normal
301.42,12.03,3626.08,89.45,Attack
228.93,5.22,1195.01,50.71,Normal
264.98,14.7,3895.21,86.49,Attack
302.88,12.65,3831.43,75.02,Attack
217.89,6.94,1512.16,25.94,Normal
216.2,8.16,1764.19,32.33,Normal
219.77,5.36,1177.97,60.67,Normal
279.82,11.83,3310.27,92.49,Attack
292.77,14.22,4163.19,75.03,Attack
215.18,4.63,996.28,50.6,Normal
294.78,14.9,4392.22,99.7,Attack
215.15,3.85,828.33,37.24,Normal
213.99,5.07,1084.93,59.64,Normal
298.67,14.52,4336.69,78.33,Attack
215.57,6.15,1325.76,20.38,Normal
227.16,7.11,1615.11,48.26,Normal
280.59,14.12,3961.93,96.5,Attack
265.02,14.51,3845.44,89.74,Attack
247.57,5.07,1255.18,26.29,Normal
264.21,13.32,3519.28,90.0,Attack
240.38,6.95,1670.64,58.16,Normal
221.76,6.09,1350.52,42.93,Normal
221.53,3.77,835.17,60.41,Normal
229.3,4.06,930.96,42.48,Normal
230.6,8.39,1934.73,64.41,Normal
215.15,7.8,1678.17,45.58,Normal
236.63,7.31,1729.77,62.95,Normal
210.65,3.84,808.9,31.8,Normal
263.02,14.74,3876.91,87.67,Attack
229.54,5.58,1280.83,51.58,Normal
286.83,13.7,3929.57,81.94,Attack
229.94,4.52,1039.33,56.36,Normal
225.24,6.67,1502.35,57.55,Normal
212.58,6.99,1485.93,52.85,Normal
212.26,3.93,834.18,39.55,Normal
233.74,5.05,1180.39,53.38,Normal
214.66,7.04,1511.21,51.57,Normal
307.65,13.14,4042.52,94.57,Attack
216.51,4.13,894.19,55.15,Normal
304.32,14.63,4452.2,75.73,Attack
220.61,3.82,842.73,52.05,Normal
213.01,5.78,1231.2,36.21,Normal
232.11,5.34,1239.47,31.48,Normal
288.7,14.34,4139.96,80.71,Attack
211.72,7.81,1653.53,31.0,Normal
224.94,4.25,956.0,61.9,Normal
231.56,8.07,1868.69,53.33,Normal
222.55,5.58,1241.83,52.41,Normal
263.89,12.24,3230.01,87.55,Attack
216.99,7.52,1631.76,64.16,Normal
212.69,5.83,1239.98,32.7,Normal
222.76,6.27,1396.71,20.36,Normal
288.19,11.82,3406.41,90.57,Attack
233.08,5.97,1391.49,54.77,Normal
305.02,14.56,4441.09,81.13,Attack
280.5,11.4,3197.7,83.66,Attack
244.21,8.25,2014.73,20.07,Normal
243.11,7.14,1735.81,24.68,Normal
219.29,5.96,1306.97,22.7,Normal
237.75,3.97,943.87,61.46,Normal
230.27,7.0,1611.89,36.76,Normal
213.31,3.98,848.97,26.01,Normal
212.92,6.34,1349.91,39.57,Normal
219.23,4.8,1052.3,34.18,Normal
237.33,7.18,1704.03,34.31,Normal
263.73,11.22,2959.05,94.5,Attack
216.06,4.32,933.38,40.97,Normal
230.9,8.32,1921.09,29.34,Normal
220.34,4.1,903.39,27.09,Normal
242.23,6.98,1690.77,21.81,Normal
222.78,3.96,882.21,31.17,Normal
230.02,6.89,1584.84,31.71,Normal
211.21,5.52,1165.88,40.35,Normal
219.74,5.81,1276.69,56.18,Normal
260.6,14.98,3903.79,99.56,Attack
301.18,12.23,3683.43,90.76,Attack
232.71,4.79,1114.68,56.57,Normal
263.22,15.41,4056.22,86.09,Attack
305.25,14.98,4572.65,83.29,Attack
283.05,11.01,3116.38,89.35,Attack
225.4,3.65,822.71,50.74,Normal
270.74,11.12,3010.63,82.0,Attack
211.35,6.6,1394.91,31.06,Normal
280.6,13.3,3731.98,76.52,Attack
266.86,11.2,2988.83,97.12,Attack
234.6,7.51,1761.85,55.77,Normal
240.49,5.3,1274.6,44.5,Normal
245.59,6.01,1476.0,37.48,Normal
275.94,11.31,3120.88,97.39,Attack
212.29,8.46,1795.97,43.82,Normal
248.98,8.37,2083.96,24.51,Normal
220.39,7.58,1670.56,61.28,Normal
309.82,11.32,3507.16,96.16,Attack
223.84,7.7,1723.57,58.03,Normal
289.63,14.84,4298.11,92.44,Attack
211.1,7.0,1477.7,62.64,Normal
231.96,4.44,1029.9,64.46,Normal
229.2,5.05,1157.46,42.07,Normal
271.63,11.31,3072.14,88.16,Attack
305.89,11.21,3429.03,78.26,Attack
245.83,7.72,1897.81,34.56,Normal
289.33,15.5,4484.61,94.36,Attack
243.57,8.3,2021.63,36.81,Normal
225.43,4.01,903.97,33.58,Normal
267.88,15.69,4203.04,94.8,Attack
235.32,4.37,1028.35,63.59,Normal
246.22,7.43,1829.41,30.05,Normal
216.84,5.03,1090.71,50.98,Normal
296.44,15.69,4651.14,98.72,Attack
248.78,8.33,2072.34,21.46,Normal
245.92,8.34,2050.97,29.94,Normal
246.53,4.2,1035.43,53.54,Normal
309.12,11.01,3403.41,97.13,Attack
295.45,13.83,4086.07,97.17,Attack
220.34,4.75,1046.62,23.05,Normal
265.4,10.01,2656.65,84.65,Attack
247.79,7.92,1962.5,42.19,Normal
231.29,4.01,927.47,41.58,Normal
235.39,6.94,1633.61,27.32,Normal
302.29,11.77,3557.95,82.97,Attack
212.89,4.35,926.07,36.9,Normal
231.33,7.99,1848.33,24.19,Normal
233.93,5.91,1382.53,21.39,Normal
216.43,7.95,1720.62,27.07,Normal
270.28,11.14,3010.92,92.43,Attack
238.47,4.83,1151.81,32.67,Normal
262.48,13.43,3525.11,96.0,Attack
278.04,12.57,3494.96,82.36,Attack
233.41,4.5,1050.35,21.16,Normal
274.59,10.49,2880.45,96.09,Attack
225.5,5.95,1341.73,49.75,Normal
287.21,11.11,3190.9,97.14,Attack
227.39,4.82,1096.02,40.93,Normal
273.43,10.37,2835.47,93.81,Attack
213.34,5.22,1113.63,44.37,Normal
233.0,6.27,1460.91,57.84,Normal
226.33,6.18,1398.72,59.01,Normal
244.38,5.88,1436.95,23.55,Normal
237.86,6.01,1429.54,60.52,Normal
236.42,6.6,1560.37,25.41,Normal
216.74,8.42,1824.95,63.75,Normal
214.92,5.62,1207.85,64.47,Normal
248.89,6.64,1652.63,57.53,Normal
305.54,15.49,4732.81,76.68,Attack
225.5,5.13,1156.82,32.43,Normal
244.07,7.43,1813.44,48.04,Normal
226.36,5.57,1260.83,26.67,Normal
239.58,8.2,1964.56,61.62,Normal
213.94,4.93,1054.72,44.1,Normal
226.02,5.42,1225.03,41.85,Normal
211.46,4.88,1031.92,26.47,Normal
237.05,3.69,874.71,60.03,Normal
219.27,7.23,1585.32,61.44,Normal
210.79,7.59,1599.9,33.64,Normal
284.58,14.18,4035.34,77.46,Attack
215.24,8.37,1801.56,39.94,Normal
220.51,5.58,1230.45,49.05,Normal
270.57,14.94,4042.32,93.52,Attack
243.82,7.61,1855.47,43.19,Normal
275.56,13.04,3593.3,78.39,Attack
244.29,3.64,889.22,28.67,Normal
242.64,4.75,1152.54,40.54,Normal
237.48,4.87,1156.53,57.06,Normal
234.78,4.12,967.29,21.38,Normal
233.17,4.39,1023.62,59.17,Normal
223.64,4.32,966.12,60.25,Normal
236.87,4.93,1167.77,37.4,Normal
288.61,15.79,4557.15,96.43,Attack
236.43,4.85,1146.69,38.43,Normal
299.02,14.61,4368.68,75.22,Attack
235.25,6.51,1531.48,20.38,Normal
300.25,11.83,3551.96,99.18,Attack
226.53,5.38,1218.73,35.69,Normal
283.33,14.06,3983.62,95.61,Attack
213.99,6.06,1296.78,49.81,Normal
224.59,6.74,1513.74,47.41,Normal
265.41,10.38,2754.96,99.71,Attack
243.6,4.81,1171.72,52.0,Normal
221.65,4.25,942.01,54.45,Normal
241.41,7.51,1812.99,47.0,Normal
236.55,7.11,1681.87,49.49,Normal
220.12,5.59,1230.47,37.47,Normal
295.4,13.43,3967.22,79.75,Attack
218.67,6.17,1349.19,55.32,Normal
236.2,6.04,1426.65,58.04,Normal
244.18,4.41,1076.83,24.39,Normal
272.93,14.85,4053.01,94.07,Attack
293.99,12.01,3530.82,77.23,Attack
239.02,5.04,1204.66,55.46,Normal
220.16,4.97,1094.2,58.3,Normal
243.79,6.42,1565.13,62.49,Normal
304.47,13.0,3958.11,96.69,Attack
221.64,3.77,835.58,58.44,Normal
270.01,12.46,3364.32,89.24,Attack
227.85,5.08,1157.48,52.21,Normal
229.02,6.66,1525.27,27.96,Normal
210.18,4.87,1023.58,54.25,Normal
298.22,12.94,3858.97,94.09,Attack
290.72,13.8,4011.94,85.08,Attack
224.95,3.69,830.07,28.97,Normal
210.55,5.11,1075.91,57.5,Normal
293.84,13.76,4043.24,81.22,Attack
223.43,4.14,925.0,37.26,Normal
216.51,7.62,1649.81,33.42,Normal
296.39,13.58,4024.98,83.45,Attack
248.82,5.21,1296.35,60.56,Normal
217.35,8.24,1790.96,61.32,Normal
218.91,7.14,1563.02,25.9,Normal
233.0,4.34,1011.22,36.5,Normal
211.46,7.88,1666.3,31.51,Normal
211.89,8.47,1794.71,49.79,Normal
210.77,6.95,1464.85,38.75,Normal
231.34,5.87,1357.97,26.89,Normal
234.58,5.01,1175.25,49.77,Normal
220.53,6.53,1440.06,26.17,Normal
214.09,7.09,1517.9,25.3,Normal
265.31,11.19,2968.82,79.99,Attack
286.16,11.21,3207.85,92.59,Attack
261.97,12.98,3400.37,80.19,Attack
222.89,3.51,782.34,50.22,Normal
242.57,6.85,1661.6,26.71,Normal
285.59,14.34,4095.36,77.53,Attack
271.56,15.93,4325.95,82.4,Attack
213.89,4.37,934.7,21.78,Normal
300.08,11.88,3564.95,93.46,Attack
297.91,10.28,3062.51,96.3,Attack
216.65,5.29,1146.08,39.7,Normal
244.26,3.96,967.27,56.67,Normal
280.04,15.77,4416.23,81.8,Attack
243.18,7.5,1823.85,49.2,Normal
214.41,6.98,1496.58,22.64,Normal
216.22,5.58,1206.51,46.58,Normal
236.46,4.41,1042.79,37.09,Normal
211.12,6.92,1460.95,57.73,Normal
215.1,8.1,1742.31,25.08,Normal
211.79,4.81,1018.71,34.14,Normal
236.44,7.34,1735.47,45.95,Normal
248.14,6.85,1699.76,35.22,Normal
237.32,3.98,944.53,49.78,Normal
277.29,14.06,3898.7,84.62,Attack
231.78,8.44,1956.22,22.46,Normal
216.12,7.74,1672.77,58.33,Normal
212.92,5.96,1269.0,30.84,Normal
211.96,4.61,977.14,48.95,Normal
219.16,5.8,1271.13,56.06,Normal
243.41,5.74,1397.17,25.34,Normal
235.48,4.01,944.27,38.56,Normal
210.01,3.95,829.54,47.19,Normal
221.88,6.04,1340.16,29.31,Normal
247.06,5.32,1314.36,22.44,Normal
282.72,13.36,3777.14,90.49,Attack
235.63,7.08,1668.26,25.13,Normal
218.65,5.21,1139.17,57.34,Normal
221.39,6.11,1352.69,51.59,Normal
268.21,10.84,2907.4,92.92,Attack
214.17,6.55,1402.81,28.44,Normal
225.32,5.79,1304.6,55.16,Normal
214.2,5.57,1193.09,61.7,Normal
232.96,7.36,1714.59,40.27,Normal
247.29,4.17,1031.2,42.45,Normal
211.89,8.18,1733.26,57.75,Normal
229.82,8.11,1863.84,27.97,Normal
238.49,4.14,987.35,37.43,Normal
244.43,6.02,1471.47,37.31,Normal
245.72,7.31,1796.21,32.31,Normal
247.85,5.76,1427.62,26.0,Normal
237.3,7.24,1718.05,33.45,Normal
243.57,7.06,1719.6,62.1,Normal
217.83,6.62,1442.03,33.08,Normal
236.22,8.41,1986.61,49.25,Normal
229.65,6.97,1600.66,34.51,Normal
277.61,12.88,3575.62,89.27,Attack
226.28,7.24,1638.27,57.86,Normal
302.37,14.85,4490.19,88.07,Attack
267.27,14.02,3747.13,80.0,Attack
216.28,4.93,1066.26,31.28,Normal
236.93,4.98,1179.91,53.91,Normal
300.7,10.61,3190.43,96.7,Attack
243.73,7.21,1757.29,45.26,Normal
299.22,14.79,4425.46,82.19,Attack
246.13,5.44,1338.95,63.05,Normal
222.19,6.26,1390.91,20.58,Normal
291.03,14.69,4275.23,96.75,Attack
245.55,7.02,1723.76,49.14,Normal
231.32,6.52,1508.21,54.93,Normal
221.47,4.39,972.25,50.72,Normal
268.69,13.08,3514.47,84.43,Attack
231.71,4.15,961.6,46.28,Normal
276.53,14.26,3943.32,78.87,Attack
276.13,10.31,2846.9,98.31,Attack
235.81,5.95,1403.07,45.77,Normal
240.58,5.09,1224.55,29.9,Normal
263.41,13.03,3432.23,85.4,Attack
213.59,4.61,984.65,29.6,Normal
224.07,4.59,1028.48,53.87,Normal
248.87,7.62,1896.39,64.15,Normal
293.45,12.67,3718.01,97.61,Attack
234.22,8.29,1941.68,50.71,Normal
245.72,8.22,2019.82,37.36,Normal
221.03,8.06,1781.5,56.99,Normal
241.31,5.73,1382.71,21.97,Normal
217.51,6.07,1320.29,62.67,Normal
307.81,13.23,4072.33,75.18,Attack
293.52,14.64,4297.13,96.62,Attack
214.05,6.19,1324.97,51.62,Normal
240.23,6.73,1616.75,62.29,Normal
216.0,5.8,1252.8,34.93,Normal
262.71,14.77,3880.23,88.95,Attack
218.88,4.79,1048.44,37.46,Normal
226.89,3.58,812.27,50.3,Normal
235.02,6.59,1548.78,54.02,Normal
237.33,3.86,916.09,61.76,Normal
299.34,11.81,3535.21,77.16,Attack
227.07,5.48,1244.34,49.73,Normal
230.81,4.18,964.79,37.59,Normal
231.28,8.3,1919.62,26.48,Normal
245.65,7.48,1837.46,52.82,Normal
247.03,6.27,1548.88,44.98,Normal
260.25,13.58,3534.2,88.43,Attack
221.88,7.24,1606.41,60.66,Normal
226.09,6.73,1521.59,43.06,Normal
271.04,15.01,4068.31,79.86,Attack
299.98,15.11,4532.7,96.28,Attack
248.78,5.81,1445.41,44.73,Normal
263.37,10.59,2789.09,93.14,Attack
222.9,4.14,922.81,49.5,Normal
290.98,15.4,4481.09,82.94,Attack
234.04,5.03,1177.22,46.29,Normal
224.22,5.08,1139.04,39.27,Normal
272.31,11.33,3085.27,93.5,Attack
242.76,4.17,1012.31,52.98,Normal
228.05,5.29,1206.38,33.75,Normal
216.86,6.53,1416.1,57.88,Normal
215.46,6.19,1333.7,31.85,Normal
212.98,3.88,826.36,20.84,Normal
211.22,6.41,1353.92,38.23,Normal
245.35,6.26,1535.89,44.46,Normal
228.41,7.38,1685.67,36.46,Normal
298.61,14.4,4299.98,82.27,Attack
229.91,5.48,1259.91,42.6,Normal
243.07,7.53,1830.32,47.63,Normal
285.71,12.68,3622.8,79.48,Attack
235.72,8.34,1965.9,53.12,Normal
223.99,4.59,1028.11,41.94,Normal
278.47,10.26,2857.1,80.17,Attack
224.09,5.85,1310.93,40.46,Normal
309.03,11.94,3689.82,92.59,Attack
242.36,7.67,1858.9,31.85,Normal
216.78,6.77,1467.6,36.44,Normal
242.58,6.08,1474.89,36.93,Normal
230.14,5.26,1210.54,59.05,Normal
228.8,6.52,1491.78,42.58,Normal
268.28,10.46,2806.21,91.09,Attack
269.35,12.17,3277.99,92.93,Attack
271.52,14.87,4037.5,93.01,Attack
228.67,4.55,1040.45,27.26,Normal
210.88,3.72,784.47,45.81,Normal
291.48,10.24,2984.76,89.31,Attack
272.91,11.08,3023.84,98.96,Attack
231.98,3.59,832.81,52.38,Normal
221.05,3.93,868.73,40.21,Normal
243.82,4.35,1060.62,57.37,Normal
240.99,7.6,1831.52,28.18,Normal
220.32,7.12,1568.68,35.42,Normal
233.03,4.65,1083.59,37.35,Normal
270.12,15.16,4095.02,87.61,Attack
215.83,3.98,859.0,41.41,Normal
211.52,7.42,1569.48,42.65,Normal
284.11,10.78,3062.71,90.09,Attack
244.98,7.37,1805.5,49.22,Normal
224.44,3.72,834.92,43.84,Normal
300.12,14.74,4423.77,84.53,Attack
238.91,7.31,1746.43,51.35,Normal
266.69,12.86,3429.63,80.81,Attack
221.05,7.88,1741.87,38.39,Normal
295.46,14.74,4355.08,89.45,Attack
260.36,13.93,3626.81,92.19,Attack
224.13,4.27,957.04,49.32,Normal
302.75,12.54,3796.48,84.14,Attack
294.03,14.53,4272.26,85.33,Attack
228.82,5.35,1224.19,44.97,Normal
275.33,12.07,3323.23,92.64,Attack
243.34,6.8,1654.71,53.65,Normal
237.27,4.31,1022.63,29.65,Normal
223.2,6.25,1395.0,51.37,Normal
216.27,8.32,1799.37,20.24,Normal
267.27,15.56,4158.72,85.88,Attack
271.09,10.48,2841.02,75.94,Attack
248.39,6.57,1631.92,43.45,Normal
233.3,8.23,1920.06,56.91,Normal
227.12,4.51,1024.31,49.56,Normal
221.15,3.67,811.62,46.98,Normal
219.04,4.35,952.82,21.62,Normal
260.01,10.94,2844.51,99.92,Attack
223.77,5.48,1226.26,46.37,Normal
238.74,3.84,916.76,24.06,Normal
301.49,15.49,4670.08,83.7,Attack
220.78,6.53,1441.69,28.75,Normal
232.42,4.81,1117.94,38.32,Normal
263.62,11.77,3102.81,98.68,Attack
247.31,7.88,1948.8,56.59,Normal
237.07,8.33,1974.79,45.34,Normal
239.54,8.31,1990.58,40.65,Normal
232.89,3.64,847.72,25.23,Normal
291.68,15.97,4658.13,91.92,Attack
275.79,15.73,4338.18,87.91,Attack
301.61,11.49,3465.5,77.33,Attack
242.02,3.88,939.04,61.91,Normal
223.79,7.97,1783.61,32.11,Normal
236.64,8.05,1904.95,42.45,Normal
296.77,15.24,4522.77,80.17,Attack
272.48,13.71,3735.7,78.9,Attack
306.01,14.05,4299.44,91.59,Attack
239.81,6.21,1489.22,21.9,Normal
234.21,5.96,1395.89,64.34,Normal
243.88,5.95,1451.09,64.3,Normal
220.93,4.61,1018.49,45.95,Normal
299.96,12.87,3860.49,88.52,Attack
225.35,6.93,1561.68,27.87,Normal
237.23,5.8,1375.93,51.01,Normal
270.54,13.49,3649.58,83.14,Attack
220.13,6.24,1373.61,30.67,Normal
233.91,5.33,1246.74,42.44,Normal
295.04,12.23,3608.34,96.36,Attack
268.99,10.79,2902.4,89.4,Attack
264.99,11.62,3079.18,80.9,Attack
224.85,4.23,951.12,63.16,Normal
300.28,11.06,3321.1,87.49,Attack
243.13,6.09,1480.66,52.43,Normal
221.7,6.31,1398.93,45.55,Normal
236.93,3.8,900.33,56.62,Normal
234.56,5.75,1348.72,35.06,Normal
231.85,8.16,1891.9,31.6,Normal
266.06,15.2,4044.11,99.08,Attack
288.79,13.89,4011.29,79.36,Attack
223.85,6.87,1537.85,41.94,Normal
244.7,5.41,1323.83,32.89,Normal
215.65,4.34,935.92,56.35,Normal
234.62,6.36,1492.18,58.2,Normal
268.1,11.37,3048.3,82.92,Attack
273.37,13.87,3791.64,81.78,Attack
243.65,5.32,1296.22,46.41,Normal
226.15,4.42,999.58,21.04,Normal
235.82,8.2,1933.72,51.53,Normal
268.35,10.62,2849.88,76.59,Attack
231.39,3.63,839.95,37.87,Normal
213.25,4.81,1025.73,26.99,Normal
244.53,5.05,1234.88,31.13,Normal
291.32,10.79,3143.34,95.96,Attack
293.18,15.16,4444.61,83.13,Attack
248.02,6.2,1537.72,32.26,Normal
247.81,6.99,1732.19,27.97,Normal
234.61,6.68,1567.19,45.38,Normal
234.94,5.05,1186.45,35.62,Normal
241.38,5.71,1378.28,36.46,Normal
275.18,10.0,2751.8,95.38,Attack
223.41,5.85,1306.95,20.37,Normal
246.93,5.89,1454.42,20.41,Normal
221.42,4.66,1031.82,20.32,Normal
226.06,6.3,1424.18,37.76,Normal
296.86,12.34,3663.25,84.46,Attack
281.11,11.44,3215.9,94.11,Attack
241.5,6.92,1671.18,32.81,Normal
241.54,5.56,1342.96,58.41,Normal
274.48,13.82,3793.31,90.44,Attack
291.14,11.13,3240.39,75.48,Attack
286.75,11.12,3188.66,77.56,Attack
295.76,14.36,4247.11,80.82,Attack
284.68,12.05,3430.39,82.79,Attack
248.92,5.82,1448.71,55.61,Normal
242.9,8.26,2006.35,22.52,Normal
212.78,5.85,1244.76,28.65,Normal
241.87,7.64,1847.89,25.49,Normal
219.71,7.36,1617.07,39.93,Normal
211.31,5.8,1225.6,54.69,Normal
248.3,5.86,1455.04,50.66,Normal
222.6,6.65,1480.29,21.9,Normal
230.32,4.77,1098.63,48.73,Normal
304.38,15.18,4620.49,80.44,Attack
291.65,11.95,3485.22,79.18,Attack
265.98,14.73,3917.89,75.22,Attack
299.17,12.85,3844.33,89.91,Attack
213.49,4.29,915.87,24.11,Normal
246.3,8.48,2088.62,48.13,Normal
292.23,14.21,4152.59,94.79,Attack
271.63,15.89,4316.2,94.71,Attack
241.42,5.69,1373.68,28.68,Normal
223.97,4.17,933.95,60.44,Normal
227.06,4.97,1128.49,51.37,Normal
269.33,12.09,3256.2,93.31,Attack
301.57,15.49,4671.32,88.86,Attack
267.75,11.77,3151.42,81.58,Attack
210.03,6.69,1405.1,37.06,Normal
260.94,15.14,3950.63,94.4,Attack
296.05,13.95,4129.9,88.47,Attack
230.44,5.99,1380.34,44.82,Normal
222.58,6.7,1491.29,24.97,Normal
212.6,7.68,1632.77,25.84,Normal
217.88,5.93,1292.03,24.44,Normal
242.62,6.79,1647.39,43.66,Normal
219.98,5.33,1172.49,47.27,Normal
306.51,11.25,3448.24,87.29,Attack
213.12,7.51,1600.53,22.73,Normal
246.59,5.58,1375.97,36.61,Normal
242.12,4.83,1169.44,21.83,Normal
275.2,15.67,4312.38,99.01,Attack
296.26,13.19,3907.67,79.74,Attack
219.7,6.63,1456.61,28.05,Normal
226.19,4.03,911.55,48.74,Normal
227.89,6.83,1556.49,59.73,Normal
269.02,12.41,3338.54,83.44,Attack
309.92,12.66,3923.59,83.81,Attack
248.67,5.12,1273.19,36.73,Normal
226.79,7.13,1617.01,47.38,Normal
218.34,7.33,1600.43,61.68,Normal
308.08,12.68,3906.45,84.93,Attack
248.34,6.48,1609.24,43.29,Normal
221.77,5.0,1108.85,29.98,Normal
210.85,7.61,1604.57,51.04,Normal
287.68,13.34,3837.65,98.15,Attack
261.89,12.13,3176.73,78.46,Attack
232.7,4.66,1084.38,56.5,Normal
279.99,15.51,4342.64,93.36,Attack
240.92,4.36,1050.41,57.16,Normal
232.47,8.04,1869.06,46.79,Normal
238.5,6.38,1521.63,23.53,Normal
298.55,12.09,3609.47,95.43,Attack
243.85,7.85,1914.22,30.2,Normal
233.49,3.56,831.22,54.98,Normal
221.89,3.71,823.21,44.3,Normal
285.12,11.32,3227.56,76.26,Attack
225.32,5.73,1291.08,46.78,Normal
218.66,4.95,1082.37,37.74,Normal
264.13,13.43,3547.27,76.23,Attack
213.32,6.01,1282.05,54.82,Normal
266.74,13.36,3563.65,87.2,Attack
217.65,6.58,1432.14,53.11,Normal
263.58,14.66,3864.08,83.09,Attack
213.49,6.86,1464.54,39.06,Normal
222.51,6.47,1439.64,21.09,Normal
248.52,6.58,1635.26,64.56,Normal
215.69,3.72,802.37,56.82,Normal
278.69,14.55,4054.94,96.32,Attack
262.73,15.69,4122.23,98.17,Attack
241.99,3.57,863.9,51.22,Normal
282.5,10.14,2864.55,80.23,Attack
217.95,6.12,1333.85,31.64,Normal
238.47,4.21,1003.96,51.44,Normal
289.15,13.98,4042.32,76.09,Attack
274.2,14.74,4041.71,90.45,Attack
292.74,10.05,2942.04,84.72,Attack
302.6,13.96,4224.3,96.61,Attack
303.37,13.9,4216.84,80.78,Attack
248.09,4.0,992.36,34.2,Normal
230.73,4.43,1022.13,42.53,Normal
246.13,3.61,888.53,31.13,Normal
223.01,5.47,1219.86,27.07,Normal
223.72,6.63,1483.26,30.63,Normal
229.55,7.56,1735.4,48.16,Normal
244.73,7.57,1852.61,21.33,Normal
220.93,4.26,941.16,60.37,Normal
213.42,5.41,1154.6,63.23,Normal
234.4,4.64,1087.62,30.82,Normal
308.53,15.46,4769.87,83.23,Attack
218.06,4.19,913.67,44.36,Normal
243.64,5.04,1227.95,51.73,Normal
215.27,8.48,1825.49,63.91,Normal
306.65,15.5,4753.07,82.94,Attack
247.0,4.09,1010.23,34.29,Normal
238.36,7.33,1747.18,59.61,Normal
226.04,5.72,1292.95,62.02,Normal
246.4,4.87,1199.97,55.06,Normal
269.24,14.57,3922.83,90.3,Attack
288.35,11.39,3284.31,80.8,Attack
224.01,6.94,1554.63,41.45,Normal
233.58,7.06,1649.07,36.83,Normal
229.17,4.19,960.22,28.7,Normal
298.23,10.09,3009.14,81.75,Attack
238.95,8.44,2016.74,54.1,Normal
306.36,15.91,4874.19,96.68,Attack
222.67,5.79,1289.26,31.11,Normal
211.63,7.18,1519.5,37.12,Normal
233.85,7.21,1686.06,46.72,Normal
244.16,7.43,1814.11,43.43,Normal
242.25,3.71,898.75,64.81,Normal
225.43,7.18,1618.59,45.1,Normal
234.6,3.75,879.75,33.1,Normal
221.88,7.64,1695.16,40.76,Normal
233.91,3.77,881.84,43.26,Normal
301.49,12.71,3831.94,93.07,Attack
298.94,15.63,4672.43,92.4,Attack
280.68,12.71,3567.44,79.47,Attack
237.79,4.51,1072.43,40.46,Normal
294.59,15.44,4548.47,94.91,Attack
214.82,4.07,874.32,40.22,Normal
230.43,5.42,1248.93,55.6,Normal
247.04,5.39,1331.55,37.13,Normal
245.58,6.33,1554.52,49.68,Normal
303.44,11.07,3359.08,92.8,Attack
222.07,7.34,1629.99,40.08,Normal
214.58,4.16,892.65,29.13,Normal
219.87,5.79,1273.05,58.49,Normal
210.22,7.91,1662.84,30.7,Normal
228.55,5.55,1268.45,23.57,Normal
219.54,6.24,1369.93,47.89,Normal
242.18,3.74,905.75,26.67,Normal
211.43,7.77,1642.81,50.01,Normal
221.64,8.1,1795.28,22.21,Normal
216.95,6.86,1488.28,47.5,Normal
233.2,7.44,1735.01,27.98,Normal
232.58,8.16,1897.85,24.19,Normal
278.43,12.27,3416.34,76.69,Attack
231.47,4.96,1148.09,26.05,Normal
220.7,6.14,1355.1,43.61,Normal
233.87,4.05,947.17,52.84,Normal
248.5,5.92,1471.12,50.99,Normal
248.46,4.94,1227.39,47.4,Normal
230.49,8.48,1954.56,35.92,Normal
288.13,13.12,3780.27,90.8,Attack
217.02,6.55,1421.48,51.89,Normal
210.06,3.62,760.42,48.15,Normal
302.4,14.8,4475.52,99.97,Attack
223.02,6.3,1405.03,48.69,Normal
270.06,11.69,3157.0,94.75,Attack
229.76,5.12,1176.37,20.28,Normal
223.31,7.12,1589.97,47.72,Normal
268.78,11.98,3219.98,83.45,Attack
245.73,7.49,1840.52,49.05,Normal
234.46,7.96,1866.3,44.16,Normal
240.58,5.57,1340.03,53.42,Normal
221.67,7.12,1578.29,34.2,Normal
218.12,6.93,1511.57,55.98,Normal
223.79,8.35,1868.65,32.62,Normal
309.18,13.76,4254.32,96.06,Attack
225.19,6.48,1459.23,58.91,Normal
237.51,5.07,1204.18,21.42,Normal
229.39,4.69,1075.84,40.34,Normal
218.43,5.01,1094.33,25.05,Normal
240.33,8.07,1939.46,39.97,Normal
284.13,13.0,3693.69,79.76,Attack
238.57,6.12,1460.05,54.9,Normal
303.59,14.93,4532.6,98.45,Attack
215.18,7.12,1532.08,40.67,Normal
230.37,3.52,810.9,61.96,Normal
233.18,3.94,918.73,41.01,Normal
286.03,13.95,3990.12,82.81,Attack
222.17,7.96,1768.47,34.44,Normal
273.83,11.91,3261.32,86.03,Attack
267.47,11.64,3113.35,75.38,Attack
230.05,4.53,1042.13,35.76,Normal
215.52,7.02,1512.95,32.75,Normal
263.56,13.68,3605.5,83.47,Attack
215.07,5.85,1258.16,50.4,Normal
262.69,12.56,3299.39,79.47,Attack
233.12,7.68,1790.36,51.47,Normal
222.19,7.59,1686.42,52.08,Normal
230.81,8.37,1931.88,54.01,Normal
215.14,7.56,1626.46,61.39,Normal
227.77,6.92,1576.17,51.96,Normal
219.04,4.62,1011.96,58.75,Normal
245.6,5.46,1340.98,51.48,Normal
240.76,7.91,1904.41,40.4,Normal
283.77,12.11,3436.45,86.53,Attack
298.4,13.63,4067.19,78.18,Attack
300.88,14.78,4447.01,83.15,Attack
240.9,6.16,1483.94,38.04,Normal
234.21,6.24,1461.47,63.83,Normal
223.29,7.57,1690.31,46.59,Normal
226.98,7.44,1688.73,44.5,Normal
293.13,10.47,3069.07,98.27,Attack
228.98,6.46,1479.21,40.83,Normal
242.06,4.38,1060.22,63.01,Normal
265.44,14.88,3949.75,94.28,Attack
229.28,6.8,1559.1,24.07,Normal
244.6,8.02,1961.69,48.63,Normal
267.34,10.9,2914.01,88.28,Attack
232.54,4.48,1041.78,50.67,Normal
232.24,8.07,1874.18,33.7,Normal
226.95,8.41,1908.65,35.49,Normal
260.41,15.92,4145.73,85.1,Attack
274.71,12.22,3356.96,88.72,Attack
295.17,14.92,4403.94,83.98,Attack
243.76,4.68,1140.8,51.6,Normal
222.41,5.41,1203.24,37.17,Normal
235.84,5.87,1384.38,28.47,Normal
246.05,7.7,1894.59,26.94,Normal
236.13,4.17,984.66,23.23,Normal
296.07,12.92,3825.22,85.92,Attack
213.3,6.71,1431.24,38.71,Normal
240.77,6.52,1569.82,39.16,Normal
285.47,13.31,3799.61,86.25,Attack
217.25,6.52,1416.47,46.01,Normal
219.23,6.01,1317.57,38.49,Normal
224.31,8.39,1881.96,45.57,Normal
214.41,5.91,1267.16,51.07,Normal
296.56,15.9,4715.3,99.59,Attack
228.13,3.89,887.43,60.05,Normal
283.62,14.45,4098.31,99.01,Attack
291.68,14.79,4313.95,82.81,Attack
277.18,14.67,4066.23,86.72,Attack
228.3,7.17,1636.91,38.95,Normal
241.13,4.95,1193.59,21.59,Normal
239.23,7.13,1705.71,45.37,Normal
283.66,11.01,3123.1,76.29,Attack
241.55,6.62,1599.06,32.91,Normal
285.28,15.11,4310.58,81.95,Attack
274.05,15.15,4151.86,75.36,Attack
268.73,13.55,3641.29,78.78,Attack
241.51,4.81,1161.66,51.53,Normal
241.18,7.81,1883.62,35.43,Normal
267.25,15.6,4169.1,78.85,Attack
248.75,7.35,1828.31,30.71,Normal
234.87,4.55,1068.66,53.05,Normal
235.05,7.28,1711.16,25.22,Normal
279.94,11.81,3306.09,93.65,Attack
230.77,5.4,1246.16,51.75,Normal
215.66,7.85,1692.93,20.53,Normal
227.5,6.89,1567.47,63.28,Normal
211.6,8.09,1711.84,48.68,Normal
226.84,8.09,1835.14,58.63,Normal
220.42,3.99,879.48,49.45,Normal
240.15,7.25,1741.09,53.04,Normal
217.6,5.19,1129.34,51.06,Normal
287.38,14.04,4034.82,95.79,Attack
264.88,10.62,2813.03,86.15,Attack
274.16,11.16,3059.63,75.59,Attack
306.93,13.94,4278.6,95.89,Attack
234.89,7.04,1653.63,25.4,Normal
215.07,6.78,1458.17,60.5,Normal
247.72,7.98,1976.81,51.3,Normal
283.35,15.62,4425.93,90.97,Attack
220.78,5.63,1242.99,60.65,Normal
222.61,4.31,959.45,23.33,Normal
224.93,5.16,1160.64,22.7,Normal
220.32,5.7,1255.82,42.13,Normal
233.8,4.39,1026.38,42.14,Normal
298.44,11.31,3375.36,91.08,Attack
237.9,4.02,956.36,23.28,Normal
219.77,5.73,1259.28,60.34,Normal
292.02,15.6,4555.51,91.62,Attack
295.0,15.43,4551.85,89.37,Attack
246.66,5.95,1467.63,39.62,Normal
240.46,7.43,1786.62,44.31,Normal
307.71,14.91,4587.96,87.05,Attack
246.47,5.29,1303.83,50.68,Normal
234.66,8.29,1945.33,24.08,Normal
247.48,3.9,965.17,40.68,Normal
235.26,4.38,1030.44,21.77,Normal
217.45,6.98,1517.8,60.34,Normal
224.01,3.92,878.12,48.48,Normal
215.46,4.47,963.11,52.39,Normal
229.08,3.81,872.79,44.32,Normal
230.82,7.67,1770.39,40.22,Normal
211.44,3.78,799.24,55.45,Normal
265.91,14.84,3946.1,91.68,Attack
236.45,7.87,1860.86,26.7,Normal
246.07,3.68,905.54,26.37,Normal
228.38,8.09,1847.59,22.06,Normal
215.09,4.36,937.79,22.25,Normal
240.95,5.78,1392.69,27.68,Normal
241.89,4.03,974.82,42.37,Normal
218.6,7.52,1643.87,39.18,Normal
248.31,6.89,1710.86,34.59,Normal
232.46,4.19,974.01,57.64,Normal
239.8,6.47,1551.51,35.1,Normal
267.06,12.49,3335.58,92.41,Attack
227.11,8.13,1846.4,21.83,Normal
302.37,13.67,4133.4,94.44,Attack
284.35,10.04,2854.87,79.49,Attack
292.59,15.32,4482.48,85.41,Attack
240.13,6.96,1671.3,29.28,Normal
230.4,5.56,1281.02,62.21,Normal
211.47,4.4,930.47,42.49,Normal
234.46,7.41,1737.35,35.65,Normal
271.78,10.71,2910.76,88.25,Attack
278.1,14.57,4051.92,88.49,Attack
298.52,13.96,4167.34,81.91,Attack
299.83,14.11,4230.6,99.21,Attack
216.88,6.85,1485.63,21.94,Normal
221.12,5.67,1253.75,35.04,Normal
239.58,3.72,891.24,53.32,Normal
216.86,7.43,1611.27,41.83,Normal
304.75,14.33,4367.07,89.82,Attack
217.75,6.88,1498.12,34.66,Normal
222.72,3.99,888.65,53.2,Normal
224.65,4.6,1033.39,41.19,Normal
244.73,4.22,1032.76,61.75,Normal
225.11,4.18,940.96,52.39,Normal
248.05,4.51,1118.71,25.72,Normal
212.33,4.18,887.54,58.32,Normal
216.68,5.22,1131.07,59.89,Normal
240.79,6.69,1610.89,47.52,Normal
308.51,15.13,4667.76,77.16,Attack
229.08,8.48,1942.6,46.62,Normal
220.89,7.15,1579.36,53.13,Normal
276.36,13.48,3725.33,97.3,Attack
215.81,6.37,1374.71,20.23,Normal
211.56,5.85,1237.63,54.59,Normal
286.56,12.88,3690.89,94.95,Attack
227.65,4.7,1069.96,45.13,Normal
296.59,15.7,4656.46,78.32,Attack
292.38,10.54,3081.69,86.99,Attack
237.43,7.79,1849.58,53.63,Normal
282.74,14.63,4136.49,96.85,Attack
240.8,5.35,1288.28,40.89,Normal
243.55,3.85,937.67,60.2,Normal
211.28,5.63,1189.51,32.14,Normal
231.15,7.47,1726.69,55.45,Normal
304.04,14.41,4381.22,76.37,Attack
236.31,7.94,1876.3,24.99,Normal
234.15,5.33,1248.02,27.89,Normal
212.61,7.05,1498.9,29.21,Normal
219.31,4.07,892.59,41.53,Normal
232.62,8.3,1930.75,29.44,Normal
218.79,5.26,1150.84,32.03,Normal
220.81,3.82,843.49,35.54,Normal
230.54,4.11,947.52,51.94,Normal
230.78,4.96,1144.67,47.94,Normal
246.87,7.54,1861.4,62.34,Normal
304.6,12.75,3883.65,77.0,Attack
221.25,8.28,1831.95,24.92,Normal
294.85,12.98,3827.15,96.87,Attack
234.46,4.97,1165.27,63.63,Normal
215.15,5.23,1125.23,39.97,Normal
221.37,3.81,843.42,59.23,Normal
307.37,13.87,4263.22,85.29,Attack
235.2,5.13,1206.58,46.7,Normal
242.83,5.73,1391.42,33.68,Normal
299.47,11.03,3303.15,81.5,Attack
247.86,7.35,1821.77,22.13,Normal
227.78,4.33,986.29,61.59,Normal
221.12,8.37,1850.77,57.77,Normal
235.99,4.27,1007.68,30.71,Normal
275.83,10.76,2967.93,81.51,Attack
288.12,10.21,2941.71,82.92,Attack
224.54,6.2,1392.15,27.32,Normal
245.9,5.52,1357.37,42.47,Normal
282.9,11.92,3372.17,75.11,Attack
248.05,5.16,1279.94,51.75,Normal
221.3,8.22,1819.09,64.13,Normal
215.74,6.33,1365.63,60.81,Normal
236.88,7.16,1696.06,60.51,Normal
287.55,11.85,3407.47,85.04,Attack
227.39,3.96,900.46,22.48,Normal
232.75,4.61,1072.98,62.1,Normal
261.13,13.23,3454.75,86.14,Attack
213.41,6.06,1293.26,28.75,Normal
233.6,8.22,1920.19,60.88,Normal
215.77,7.77,1676.53,36.63,Normal
221.1,5.26,1162.99,63.99,Normal
213.42,7.14,1523.82,39.99,Normal
241.34,4.94,1192.22,56.26,Normal
226.53,7.98,1807.71,26.28,Normal
213.36,4.54,968.65,41.36,Normal
248.48,3.83,951.68,63.2,Normal
213.45,5.55,1184.65,61.15,Normal
231.68,7.05,1633.34,53.99,Normal
269.3,12.29,3309.7,88.85,Attack
301.31,15.01,4522.66,82.6,Attack
228.07,3.63,827.89,20.11,Normal
307.8,15.01,4620.08,86.81,Attack
244.81,5.59,1368.49,42.13,Normal
219.55,4.1,900.15,32.47,Normal
212.6,7.23,1537.1,46.15,Normal
243.87,6.64,1619.3,41.42,Normal
214.66,6.06,1300.84,45.89,Normal
216.35,3.79,819.97,34.39,Normal
215.28,4.32,930.01,32.27,Normal
245.57,5.28,1296.61,33.04,Normal
246.52,6.07,1496.38,54.49,Normal
264.73,14.52,3843.88,88.59,Attack
242.25,6.92,1676.37,33.55,Normal
236.85,3.98,942.66,46.1,Normal
210.5,6.09,1281.94,36.79,Normal
223.27,8.05,1797.32,24.61,Normal
271.06,11.13,3016.9,97.43,Attack
242.43,6.13,1486.1,43.94,Normal
239.5,4.07,974.77,40.72,Normal
300.94,15.54,4676.61,86.99,Attack
224.14,7.59,1701.22,60.04,Normal
239.78,5.21,1249.25,51.95,Normal
300.73,11.33,3407.27,96.42,Attack
271.33,10.75,2916.8,78.26,Attack
294.54,14.7,4329.74,76.94,Attack
239.54,3.71,888.69,24.85,Normal
230.03,3.8,874.11,25.35,Normal
263.31,14.01,3688.97,93.86,Attack
245.88,4.53,1113.84,60.55,Normal
277.58,10.54,2925.69,96.15,Attack
247.0,5.24,1294.28,27.23,Normal
238.41,4.71,1122.91,45.66,Normal
288.91,10.08,2912.21,80.42,Attack
274.09,15.41,4223.73,88.43,Attack
213.85,4.57,977.29,42.69,Normal
224.29,6.45,1446.67,39.78,Normal
217.05,5.27,1143.85,37.08,Normal
271.38,10.68,2898.34,99.62,Attack
265.52,10.82,2872.93,94.06,Attack
231.73,3.7,857.4,34.77,Normal
274.18,13.6,3728.85,82.8,Attack
227.31,6.27,1425.23,33.08,Normal
217.36,3.85,836.84,57.85,Normal
236.49,4.4,1040.56,64.94,Normal
214.1,5.69,1218.23,49.63,Normal
267.17,12.4,3312.91,89.76,Attack
306.26,15.87,4860.35,76.62,Attack
223.21,6.47,1444.17,64.58,Normal
301.91,14.35,4332.41,81.96,Attack
232.69,4.86,1130.87,55.53,Normal
225.61,5.88,1326.59,47.14,Normal
228.9,4.89,1119.32,54.56,Normal
272.53,12.98,3537.44,90.71,Attack
264.98,10.32,2734.59,76.71,Attack
247.91,5.41,1341.19,50.56,Normal
291.1,10.58,3079.84,76.91,Attack
239.94,7.46,1789.95,29.09,Normal
229.12,4.81,1102.07,35.46,Normal
231.32,8.26,1910.7,21.42,Normal
245.68,5.42,1331.59,34.16,Normal
227.93,3.66,834.22,45.05,Normal
221.82,7.03,1559.39,42.12,Normal
295.79,12.92,3821.61,77.73,Attack
235.74,6.93,1633.68,45.75,Normal
243.32,6.03,1467.22,37.61,Normal
247.86,6.58,1630.92,35.87,Normal
222.5,3.64,809.9,22.03,Normal
223.61,7.21,1612.23,21.21,Normal
223.31,3.99,891.01,35.53,Normal
223.7,6.81,1523.4,31.14,Normal
233.11,8.05,1876.54,22.95,Normal
223.17,3.6,803.41,34.68,Normal
243.67,6.34,1544.87,60.56,Normal
294.8,13.53,3988.64,99.64,Attack
225.22,6.36,1432.4,56.37,Normal
293.76,12.02,3531.0,87.57,Attack
223.24,6.57,1466.69,36.35,Normal
229.38,7.74,1775.4,55.42,Normal
230.9,4.94,1140.65,22.14,Normal
225.68,4.63,1044.9,53.43,Normal
302.21,10.57,3194.36,83.42,Attack
300.06,12.85,3855.77,80.24,Attack
235.41,5.01,1179.4,56.19,Normal
231.06,4.5,1039.77,38.1,Normal
227.68,7.32,1666.62,28.13,Normal
295.17,15.18,4480.68,89.42,Attack
308.11,14.45,4452.19,86.68,Attack
230.78,6.57,1516.22,54.61,Normal
232.08,6.63,1538.69,43.5,Normal
215.76,4.25,916.98,50.84,Normal
226.98,5.09,1155.33,57.36,Normal
270.18,12.47,3369.14,95.59,Attack
220.0,6.51,1432.2,38.26,Normal
269.6,11.47,3092.31,95.68,Attack
231.83,5.68,1316.79,49.11,Normal
267.97,10.82,2899.44,81.46,Attack
235.69,4.38,1032.32,58.36,Normal
228.95,3.6,824.22,58.68,Normal
290.08,15.2,4409.22,97.51,Attack
224.17,6.79,1522.11,24.06,Normal
238.25,4.2,1000.65,25.04,Normal
246.38,6.11,1505.38,57.3,Normal
246.33,4.76,1172.53,59.81,Normal
266.11,14.84,3949.07,83.23,Attack
225.21,7.24,1630.52,30.62,Normal
215.63,4.38,944.46,63.65,Normal
219.92,6.45,1418.48,42.07,Normal
247.0,5.08,1254.76,39.07,Normal
247.57,7.9,1955.8,62.16,Normal
237.91,7.61,1810.5,20.95,Normal
233.63,7.71,1801.29,49.8,Normal
236.94,7.44,1762.83,30.79,Normal
222.06,8.29,1840.88,36.33,Normal
214.76,7.83,1681.57,58.59,Normal
245.48,5.46,1340.32,64.01,Normal
264.51,14.94,3951.78,80.89,Attack
304.51,15.5,4719.9,90.78,Attack
239.9,5.53,1326.65,21.52,Normal
242.1,8.2,1985.22,41.2,Normal
242.81,7.09,1721.52,59.45,Normal
242.15,6.99,1692.63,42.79,Normal
233.48,7.57,1767.44,53.2,Normal
211.07,3.76,793.62,48.87,Normal
240.85,4.18,1006.75,38.03,Normal
222.24,3.91,868.96,27.1,Normal
247.82,7.65,1895.82,54.34,Normal
236.74,7.46,1766.08,34.37,Normal
238.67,4.8,1145.62,50.94,Normal
241.18,4.49,1082.9,38.65,Normal
303.82,15.67,4760.86,97.11,Attack
307.41,15.54,4777.15,91.18,Attack
245.37,8.37,2053.75,28.92,Normal
216.58,5.51,1193.36,39.3,Normal
264.45,12.21,3228.93,98.68,Attack
295.93,12.61,3731.68,98.0,Attack
236.27,4.09,966.34,52.11,Normal
303.1,14.69,4452.54,82.2,Attack
215.08,7.78,1673.32,47.0,Normal
221.04,6.89,1522.97,38.82,Normal
215.69,4.95,1067.67,31.78,Normal
245.39,5.35,1312.84,50.79,Normal
210.4,4.17,877.37,34.55,Normal
236.79,7.07,1674.11,51.88,Normal
219.99,3.98,875.56,22.64,Normal
219.16,8.04,1762.05,64.85,Normal
247.72,6.49,1607.7,53.67,Normal
272.68,13.72,3741.17,82.56,Attack
224.47,8.34,1872.08,45.18,Normal
220.15,6.02,1325.3,61.86,Normal
215.14,5.09,1095.06,43.87,Normal
265.84,10.26,2727.52,78.2,Attack
242.56,7.24,1756.13,61.68,Normal
303.85,13.68,4156.67,94.04,Attack
275.65,15.36,4233.98,82.89,Attack
239.78,4.26,1021.46,58.39,Normal
241.13,3.77,909.06,26.69,Normal
261.79,11.56,3026.29,92.65,Attack
248.81,8.14,2025.31,21.84,Normal
237.65,5.93,1409.26,42.18,Normal
243.81,4.12,1004.5,24.21,Normal
217.05,4.34,942.0,42.89,Normal
304.54,13.51,4114.34,89.59,Attack
230.51,6.35,1463.74,38.74,Normal
298.41,14.06,4195.64,97.18,Attack
294.07,14.08,4140.51,84.85,Attack
247.1,7.68,1897.73,26.92,Normal
301.53,13.96,4209.36,86.35,Attack
233.17,3.53,823.09,63.64,Normal
247.08,5.12,1265.05,52.92,Normal
247.34,6.35,1570.61,29.51,Normal
292.18,11.94,3488.63,76.39,Attack
307.6,12.29,3780.4,84.97,Attack
308.25,15.19,4682.32,77.23,Attack
216.35,7.4,1600.99,32.82,Normal
235.51,4.1,965.59,42.09,Normal
241.45,5.05,1219.32,50.82,Normal
293.28,14.99,4396.27,87.82,Attack
244.53,5.88,1437.84,45.34,Normal
239.5,7.55,1808.22,47.62,Normal
226.61,3.7,838.46,35.38,Normal
218.74,6.93,1515.87,26.98,Normal
234.55,6.12,1435.45,33.08,Normal
245.38,5.89,1445.29,26.69,Normal
305.15,15.05,4592.51,88.08,Attack
262.39,10.46,2744.6,76.13,Attack
281.25,10.57,2972.81,91.52,Attack
219.88,4.77,1048.83,23.68,Normal
214.44,6.81,1460.34,28.08,Normal
279.65,10.5,2936.32,96.92,Attack
289.36,12.73,3683.55,91.76,Attack
220.34,8.33,1835.43,59.21,Normal
269.25,14.48,3898.74,90.1,Attack
214.15,6.17,1321.31,20.26,Normal
268.59,12.86,3454.07,92.3,Attack
247.67,6.51,1612.33,41.9,Normal
247.98,5.3,1314.29,50.32,Normal
225.4,5.01,1129.25,25.63,Normal
265.6,10.1,2682.56,99.26,Attack
218.16,6.74,1470.4,49.24,Normal
234.42,7.45,1746.43,28.59,Normal
228.07,5.87,1338.77,20.98,Normal
267.62,14.22,3805.56,99.1,Attack
243.53,6.43,1565.9,29.06,Normal
242.52,3.75,909.45,20.35,Normal
237.81,8.4,1997.6,58.19,Normal
233.24,6.27,1462.41,33.08,Normal
228.96,6.46,1479.08,47.52,Normal
241.85,5.94,1436.59,52.14,Normal
226.46,5.08,1150.42,22.86,Normal
226.27,5.87,1328.2,42.27,Normal
223.52,6.99,1562.4,20.94,Normal
269.61,12.06,3251.5,80.8,Attack
305.45,12.03,3674.56,90.05,Attack
235.62,4.16,980.18,33.2,Normal
247.43,7.67,1897.79,50.29,Normal
241.04,7.5,1807.8,58.0,Normal
221.02,7.25,1602.39,50.02,Normal
269.97,13.63,3679.69,77.52,Attack
248.76,5.02,1248.78,29.42,Normal
260.91,15.29,3989.31,83.93,Attack
301.4,15.37,4632.52,75.8,Attack
281.53,13.71,3859.78,78.02,Attack
272.89,12.04,3285.6,83.88,Attack
303.89,11.6,3525.12,78.78,Attack
230.1,6.85,1576.18,51.79,Normal
227.08,5.79,1314.79,57.87,Normal
265.29,13.66,3623.86,94.55,Attack
242.12,3.71,898.27,24.74,Normal
243.96,8.05,1963.88,27.07,Normal
282.08,13.04,3678.32,93.31,Attack
292.35,12.01,3511.12,78.44,Attack
227.13,5.58,1267.39,54.61,Normal
300.46,12.05,3620.54,87.63,Attack
278.62,14.53,4048.35,84.02,Attack
215.91,7.27,1569.67,38.98,Normal
300.09,12.48,3745.12,85.23,Attack
243.24,7.47,1817.0,36.28,Normal
267.28,10.06,2688.84,95.16,Attack
213.31,5.07,1081.48,64.19,Normal
263.07,14.56,3830.3,91.5,Attack
245.2,3.79,929.31,48.42,Normal
235.75,6.1,1438.07,33.31,Normal
236.55,6.27,1483.17,33.69,Normal
245.46,3.54,868.93,32.59,Normal
245.9,7.0,1721.3,40.08,Normal
287.22,14.73,4230.75,91.3,Attack
244.62,7.41,1812.63,38.2,Normal
275.08,10.22,2811.32,83.36,Attack
238.86,4.13,986.49,64.64,Normal
264.64,13.31,3522.36,88.03,Attack
216.24,3.64,787.11,55.85,Normal
219.41,7.37,1617.05,52.69,Normal
214.31,3.8,814.38,36.78,Normal
223.82,3.74,837.09,49.29,Normal
274.9,14.42,3964.06,86.33,Attack
241.41,8.45,2039.91,45.45,Normal
234.48,6.17,1446.74,46.8,Normal
221.1,7.42,1640.56,52.17,Normal
237.86,6.1,1450.95,31.14,Normal
232.71,7.61,1770.92,36.26,Normal
295.58,14.97,4424.83,77.05,Attack
304.43,12.86,3914.97,86.15,Attack
230.52,6.44,1484.55,43.35,Normal
220.28,5.99,1319.48,39.05,Normal
246.31,5.95,1465.54,63.8,Normal
215.63,4.14,892.71,52.0,Normal
295.23,15.18,4481.59,77.95,Attack
283.67,14.48,4107.54,98.6,Attack
247.12,6.51,1608.75,38.39,Normal
288.59,10.24,2955.16,78.83,Attack
248.65,5.02,1248.22,41.87,Normal
215.54,6.45,1390.23,22.19,Normal
244.67,4.58,1120.59,56.86,Normal
214.77,5.24,1125.39,59.17,Normal
232.35,6.33,1470.78,60.51,Normal
228.53,7.1,1622.56,47.26,Normal
229.69,5.8,1332.2,40.25,Normal
243.79,5.13,1250.64,55.99,Normal
225.98,4.66,1053.07,37.79,Normal
247.37,7.95,1966.59,53.12,Normal
243.77,7.04,1716.14,45.74,Normal
237.59,6.31,1499.19,25.57,Normal
217.5,6.59,1433.33,45.96,Normal
288.51,11.14,3214.0,86.9,Attack
214.69,8.18,1756.16,28.09,Normal
299.34,11.47,3433.43,92.64,Attack
227.32,7.53,1711.72,47.31,Normal
211.75,7.81,1653.77,21.05,Normal
226.18,7.8,1764.2,34.28,Normal
265.73,10.6,2816.74,79.2,Attack
272.78,10.54,2875.1,82.67,Attack
216.6,6.57,1423.06,34.64,Normal
262.93,12.34,3244.56,83.0,Attack
222.64,5.38,1197.8,57.25,Normal
270.13,14.51,3919.59,89.65,Attack
239.34,5.43,1299.62,25.18,Normal
283.24,12.44,3523.51,87.1,Attack
219.12,7.93,1737.62,32.11,Normal
236.33,4.73,1117.84,44.96,Normal
221.88,5.53,1227.0,23.78,Normal
217.93,8.34,1817.54,36.8,Normal
240.5,6.19,1488.7,39.07,Normal
227.62,3.51,798.95,40.91,Normal
221.28,8.36,1849.9,20.02,Normal
228.81,6.49,1484.98,57.78,Normal
223.71,6.66,1489.91,46.33,Normal
211.77,7.2,1524.74,45.34,Normal
225.42,4.11,926.48,26.28,Normal
220.9,5.66,1250.29,47.47,Normal
222.41,6.91,1536.85,35.42,Normal
297.63,12.72,3785.85,81.15,Attack
223.32,5.8,1295.26,46.98,Normal
294.59,13.88,4088.91,75.05,Attack
245.16,6.86,1681.8,38.59,Normal
237.43,7.31,1735.61,44.22,Normal
235.31,3.89,915.36,21.39,Normal
236.19,6.86,1620.26,35.88,Normal
242.27,5.29,1281.61,27.97,Normal
237.18,3.54,839.62,40.82,Normal
227.34,4.61,1048.04,20.89,Normal
306.07,12.15,3718.75,77.25,Attack
221.82,7.09,1572.7,30.54,Normal
224.16,4.9,1098.38,60.7,Normal
218.15,4.48,977.31,56.95,Normal
243.93,6.35,1548.96,42.23,Normal
235.73,6.33,1492.17,50.71,Normal
212.55,4.14,879.96,22.93,Normal
288.5,11.37,3280.24,88.08,Attack
217.48,6.89,1498.44,64.64,Normal
230.78,4.76,1098.51,45.21,Normal
246.58,6.7,1652.09,62.44,Normal
306.94,12.6,3867.44,99.88,Attack
294.01,12.8,3763.33,84.04,Attack
244.47,4.62,1129.45,32.51,Normal
227.51,3.53,803.11,28.76,Normal
288.59,10.15,2929.19,93.44,Attack
226.53,3.87,876.67,31.25,Normal
275.54,13.76,3791.43,77.42,Attack
241.51,6.46,1560.15,48.18,Normal
219.77,4.04,887.87,30.73,Normal
212.12,5.17,1096.66,55.74,Normal
240.25,6.6,1585.65,54.38,Normal
232.58,3.93,914.04,22.73,Normal
275.66,15.09,4159.71,76.63,Attack
305.96,12.65,3870.39,82.54,Attack
212.57,6.89,1464.61,45.17,Normal
279.07,10.57,2949.77,93.8,Attack
289.98,13.96,4048.12,75.27,Attack
241.01,7.9,1903.98,47.87,Normal
246.57,7.41,1827.08,40.43,Normal
217.51,4.01,872.22,46.78,Normal
299.47,11.16,3342.09,89.33,Attack
220.0,5.61,1234.2,52.61,Normal
219.48,7.49,1643.91,22.72,Normal
227.0,8.3,1884.1,53.95,Normal
244.52,7.38,1804.56,26.63,Normal
223.37,5.34,1192.8,20.36,Normal
236.45,3.79,896.15,42.82,Normal
243.49,5.61,1365.98,28.79,Normal
305.43,14.71,4492.88,83.54,Attack
237.1,8.41,1994.01,46.99,Normal
232.56,8.32,1934.9,47.72,Normal
216.33,5.77,1248.22,55.51,Normal
270.97,10.02,2715.12,80.58,Attack
291.2,11.43,3328.42,93.36,Attack
222.93,7.2,1605.1,29.24,Normal
309.49,12.18,3769.59,76.84,Attack
265.76,11.74,3120.02,79.86,Attack
239.86,3.72,892.28,21.34,Normal
268.71,15.31,4113.95,92.97,Attack
231.63,4.39,1016.86,20.97,Normal
245.52,3.6,883.87,50.49,Normal
240.71,4.05,974.88,62.13,Normal
219.37,7.55,1656.24,49.74,Normal
248.11,8.49,2106.45,59.67,Normal
212.55,4.22,896.96,61.59,Normal
217.48,5.39,1172.22,36.84,Normal
248.1,4.72,1171.03,22.08,Normal
217.37,6.18,1343.35,55.53,Normal
212.08,7.48,1586.36,59.28,Normal
247.77,7.93,1964.82,29.42,Normal
283.53,13.98,3963.75,76.62,Attack
239.3,6.73,1610.49,42.91,Normal
228.11,5.11,1165.64,36.82,Normal
237.91,5.97,1420.32,32.08,Normal
245.93,6.42,1578.87,21.65,Normal
270.15,15.18,4100.88,84.9,Attack
244.66,6.36,1556.04,62.1,Normal
231.47,4.17,965.23,23.78,Normal
223.71,6.42,1436.22,40.94,Normal
226.62,5.84,1323.46,38.4,Normal
222.36,5.41,1202.97,28.08,Normal
292.27,12.15,3551.08,77.06,Attack
230.0,6.72,1545.6,55.36,Normal
213.84,3.86,825.42,21.72,Normal
269.83,11.98,3232.56,82.57,Attack
236.66,4.87,1152.53,51.75,Normal
248.94,7.26,1807.3,53.29,Normal
210.33,5.0,1051.65,57.0,Normal
225.75,5.53,1248.4,46.1,Normal
228.41,6.06,1384.16,54.25,Normal
279.88,11.36,3179.44,93.73,Attack
230.12,7.43,1709.79,54.09,Normal
227.99,7.46,1700.81,34.09,Normal
298.51,14.19,4235.86,80.24,Attack
231.78,5.37,1244.66,45.99,Normal
307.17,10.06,3090.13,95.26,Attack
223.25,5.6,1250.2,50.86,Normal
240.37,6.19,1487.89,34.67,Normal
299.27,15.53,4647.66,78.84,Attack
222.88,6.65,1482.15,47.14,Normal
243.81,8.4,2048.0,29.19,Normal
230.85,4.44,1024.97,24.89,Normal
227.61,7.97,1814.05,24.2,Normal
287.65,10.19,2931.15,92.23,Attack
217.28,3.85,836.53,63.33,Normal
271.65,13.96,3792.23,76.75,Attack
285.93,11.03,3153.81,96.49,Attack
216.12,4.05,875.29,44.14,Normal
212.68,8.28,1760.99,58.96,Normal
270.28,12.59,3402.83,92.74,Attack
233.54,8.2,1915.03,46.44,Normal
236.71,4.88,1155.14,20.33,Normal
263.2,12.4,3263.68,95.19,Attack
245.5,7.9,1939.45,40.71,Normal
238.75,4.94,1179.43,59.64,Normal
237.31,7.06,1675.41,33.39,Normal
241.59,4.38,1058.16,31.21,Normal
238.6,5.79,1381.49,60.99,Normal
288.43,12.36,3564.99,98.64,Attack
303.53,11.64,3533.09,90.7,Attack
305.81,14.19,4339.44,93.06,Attack
284.67,15.95,4540.49,88.82,Attack
212.98,4.03,858.31,54.49,Normal
227.59,4.76,1083.33,42.77,Normal
212.85,6.97,1483.56,53.74,Normal
239.09,7.78,1860.12,37.85,Normal
265.73,15.5,4118.82,83.18,Attack
228.91,3.84,879.01,44.68,Normal
307.5,10.84,3333.3,95.51,Attack
216.65,3.59,777.77,24.52,Normal
286.73,12.35,3541.12,76.94,Attack
236.42,4.27,1009.51,36.11,Normal
261.72,14.05,3677.17,80.4,Attack
242.62,7.56,1834.21,48.85,Normal
244.98,5.45,1335.14,33.87,Normal
260.23,14.63,3807.16,94.18,Attack
224.61,4.69,1053.42,24.11,Normal
248.58,5.19,1290.13,28.65,Normal
218.6,7.91,1729.13,55.86,Normal
216.55,4.34,939.83,38.71,Normal
276.36,13.37,3694.93,79.74,Attack
287.09,15.63,4487.22,78.02,Attack
277.83,11.04,3067.24,85.05,Attack
225.18,5.79,1303.79,22.97,Normal
235.35,5.34,1256.77,23.03,Normal
275.08,13.59,3738.34,99.58,Attack
286.81,15.94,4571.75,96.26,Attack
307.95,13.6,4188.12,99.54,Attack
236.44,8.36,1976.64,51.22,Normal
234.78,7.92,1859.46,34.31,Normal
228.8,5.18,1185.18,47.38,Normal
224.91,6.7,1506.9,30.46,Normal
248.55,4.66,1158.24,47.74,Normal
222.05,7.19,1596.54,54.08,Normal
212.34,5.37,1140.27,33.35,Normal
270.22,10.23,2764.35,98.09,Attack
246.89,7.2,1777.61,34.79,Normal
292.18,14.56,4254.14,88.02,Attack
235.27,4.94,1162.23,21.07,Normal
222.92,4.71,1049.95,44.27,Normal
235.94,4.74,1118.36,50.93,Normal
233.71,5.41,1264.37,34.47,Normal
210.24,7.85,1650.38,23.15,Normal
291.72,10.85,3165.16,80.11,Attack
289.63,14.99,4341.55,98.3,Attack
263.91,14.35,3787.11,82.79,Attack
219.55,4.38,961.63,31.2,Normal
282.41,13.81,3900.08,81.8,Attack
213.12,8.36,1781.68,37.92,Normal
282.07,13.03,3675.37,93.37,Attack
241.96,7.47,1807.44,20.89,Normal
243.31,7.29,1773.73,61.47,Normal
215.96,7.13,1539.79,31.58,Normal
227.69,5.38,1224.97,47.27,Normal
266.83,12.82,3420.76,78.87,Attack
260.64,13.0,3388.32,93.13,Attack
246.1,8.2,2018.02,63.67,Normal
229.09,6.71,1537.19,46.47,Normal
211.51,8.11,1715.35,37.32,Normal
217.57,5.68,1235.8,31.49,Normal
238.17,6.05,1440.93,41.99,Normal
237.16,6.75,1600.83,61.69,Normal
219.45,3.67,805.38,56.59,Normal
236.38,6.99,1652.3,49.04,Normal
282.77,14.09,3984.23,81.36,Attack
247.12,7.71,1905.3,20.56,Normal
235.13,8.08,1899.85,37.9,Normal
245.14,6.09,1492.9,28.5,Normal
242.36,4.76,1153.63,33.6,Normal
235.68,5.41,1275.03,33.86,Normal
244.18,7.14,1743.45,24.0,Normal
240.29,5.22,1254.31,26.42,Normal
246.27,5.49,1352.02,33.86,Normal
241.84,3.51,848.86,23.14,Normal
230.47,6.77,1560.28,52.99,Normal
278.73,14.22,3963.54,79.95,Attack
307.42,12.7,3904.23,95.36,Attack
262.95,11.1,2918.74,93.98,Attack
